<?xml version="1.0" encoding="utf-8"?>
<!--/18966472/1452723/2.50/13/3/Connector/-->
<quadcept_library>
  <setting unit="mil" />
  <textstyle name="Default" height="47.244094488189" strokewidth="7.8740157480315" charwidth="47.244094488189" />
  <textstyle name="Dimension" height="19.6850393700787" strokewidth="0" charwidth="19.6850393700787" />
  <textstyle name="H127W0635TH00762" height="50" strokewidth="3" charwidth="25" />
  <textstyle name="H15W15TH02" height="59.0551181102362" strokewidth="7.8740157480315" charwidth="59.0551181102362" />
  <padstyle name="r160_70" surface="True" plated="False" isvia="False" nopaste="False" nomask="True" complex="False" holesize="0">
    <padshape layer="TOP" shape="rectangle" width="27.55905511811" height="62.992125984251" />
    <padshape layer="TOP_SOLDER_MASK" shape="rectangle" width="35.433070866141" height="70.866141732283" />
    <padshape layer="TOP_SOLDER_PASTE" shape="rectangle" width="27.55905511811" height="62.992125984251" />
  </padstyle>
  <padstyle name="r160_150" surface="True" plated="False" isvia="False" nopaste="False" nomask="True" complex="False" holesize="0">
    <padshape layer="TOP" shape="rectangle" width="59.055118110235" height="62.992125984251" />
    <padshape layer="TOP_SOLDER_MASK" shape="rectangle" width="66.929133858267" height="70.866141732283" />
    <padshape layer="TOP_SOLDER_PASTE" shape="rectangle" width="59.055118110235" height="62.992125984251" />
  </padstyle>
  <padstyle name="r220_120" surface="True" plated="False" isvia="False" nopaste="False" nomask="True" complex="False" holesize="0">
    <padshape layer="TOP" shape="rectangle" width="47.244094488188" height="86.614173228345" />
    <padshape layer="TOP_SOLDER_MASK" shape="rectangle" width="55.11811023622" height="94.488188976377" />
    <padshape layer="TOP_SOLDER_PASTE" shape="rectangle" width="47.244094488188" height="86.614173228345" />
  </padstyle>
  <padstyle name="r180_120" surface="True" plated="False" isvia="False" nopaste="False" nomask="True" complex="False" holesize="0">
    <padshape layer="TOP" shape="rectangle" width="47.244094488188" height="70.866141732283" />
    <padshape layer="TOP_SOLDER_MASK" shape="rectangle" width="55.11811023622" height="78.740157480314" />
    <padshape layer="TOP_SOLDER_PASTE" shape="rectangle" width="47.244094488188" height="70.866141732283" />
  </padstyle>
  <padstyle name="c50_h100" surface="False" plated="True" isvia="False" nopaste="True" nomask="True" complex="False" holesize="39.370078740157">
    <padshape layer="TOP" shape="round" width="19.685039370078" height="19.685039370078" />
    <padshape layer="TOP_SOLDER_MASK" shape="round" width="27.55905511811" height="27.55905511811" />
    <padshape layer="INNER" shape="round" width="19.685039370078" height="19.685039370078" />
    <padshape layer="BOTTOM" shape="round" width="19.685039370078" height="19.685039370078" />
    <padshape layer="BOTTOM_SOLDER_MASK" shape="round" width="27.55905511811" height="27.55905511811" />
  </padstyle>
  <footprint name="MSD4A" originx="0" originy="0" pickpointx="0" pickpointy="0">
    <pcbpin number="1" name="1" style="r160_70" originx="88.582677165353" originy="271.65354330708" rotation="0" />
    <pcbpin number="2" name="2" style="r160_70" originx="45.275590551181" originy="271.65354330708" rotation="0" />
    <pcbpin number="3" name="3" style="r160_70" originx="1.9685039370079" originy="271.65354330708" rotation="0" />
    <pcbpin number="4" name="4" style="r160_70" originx="-41.338582677165" originy="271.65354330708" rotation="0" />
    <pcbpin number="5" name="5" style="r160_70" originx="-84.645669291338" originy="271.65354330708" rotation="0" />
    <pcbpin number="6" name="6" style="r160_70" originx="-127.95275590551" originy="271.65354330708" rotation="0" />
    <pcbpin number="7" name="7" style="r160_70" originx="-171.25984251968" originy="271.65354330708" rotation="0" />
    <pcbpin number="8" name="8" style="r160_70" originx="-214.56692913386" originy="271.65354330708" rotation="0" />
    <pcbpin number="9" name="G1" style="r160_150" originx="269.68503937008" originy="230.31496062992" rotation="0" />
    <pcbpin number="10" name="G2" style="r220_120" originx="305.11811023622" originy="-145.66929133858" rotation="0" />
    <pcbpin number="11" name="G3" style="r220_120" originx="-305.11811023622" originy="-145.66929133858" rotation="0" />
    <pcbpin number="12" name="G4" style="r180_120" originx="-305.11811023622" originy="220.47244094488" rotation="0" />
    <pcbpin number="13" name="CD1" style="r160_70" originx="-257.87401574803" originy="271.65354330708" rotation="0" />
    <pcbpin number="14" name="MH1" style="c50_h100" originx="120.07874015748" originy="-161.41732283464" rotation="90" />
    <pcbpin number="15" name="MH2" style="c50_h100" originx="-194.88188976378" originy="-161.41732283464" rotation="90" />
    <line layer="TOP_PLACE_BOUND" originx="-368.11023622047" originy="342.51968503937" endx="368.11023622047" endy="342.51968503937" width="3.9370078740157" />
    <line layer="TOP_PLACE_BOUND" originx="368.11023622047" originy="342.51968503937" endx="368.11023622047" endy="-342.51968503937" width="3.9370078740157" />
    <line layer="TOP_PLACE_BOUND" originx="368.11023622047" originy="-342.51968503937" endx="-368.11023622047" endy="-342.51968503937" width="3.9370078740157" />
    <line layer="TOP_PLACE_BOUND" originx="-368.11023622047" originy="-342.51968503937" endx="-368.11023622047" endy="342.51968503937" width="3.9370078740157" />
    <line layer="TOP_ASSEMBLY" originx="120.07874015748" originy="267.71653543307" endx="-290.35433070866" endy="267.71653543307" width="3.9370078740157" />
    <line layer="TOP_ASSEMBLY" originx="-290.35433070866" originy="267.71653543307" endx="-290.35433070866" endy="-244.09448818897" width="3.9370078740157" />
    <line layer="TOP_ASSEMBLY" originx="-290.35433070866" originy="-244.09448818897" endx="120.07874015748" endy="-244.09448818897" width="3.9370078740157" />
    <line layer="TOP_ASSEMBLY" originx="120.07874015748" originy="-244.09448818897" endx="159.44881889764" endy="-303.14960629921" width="3.9370078740157" />
    <line layer="TOP_ASSEMBLY" originx="159.44881889764" originy="-303.14960629921" endx="290.35433070866" endy="-303.14960629921" width="3.9370078740157" />
    <line layer="TOP_ASSEMBLY" originx="290.35433070866" originy="-303.14960629921" endx="290.35433070866" endy="267.71653543307" width="3.9370078740157" />
    <line layer="TOP_ASSEMBLY" originx="290.35433070866" originy="267.71653543307" endx="120.07874015748" endy="267.71653543307" width="3.9370078740157" />
    <line layer="TOP_SILKSCREEN" originx="88.582677165353" originy="322.83464566929" endx="88.582677165353" endy="322.83464566929" width="3.9370078740157" />
    <arc layer="TOP_SILKSCREEN" originx="88.582677165353" originy="324.8031496063" startangle="-90.0" sweepangle="180.0" radius="1.9685039370079" width="3.9370078740157" />
    <line layer="TOP_SILKSCREEN" originx="88.582677165353" originy="326.7716535433" endx="88.582677165353" endy="326.7716535433" width="3.9370078740157" />
    <arc layer="TOP_SILKSCREEN" originx="88.582677165353" originy="324.8031496063" startangle="90.0" sweepangle="180.0" radius="1.9685039370079" width="3.9370078740157" />
    <line layer="TOP_SILKSCREEN" originx="290.35433070866" originy="188.97637795275" endx="290.35433070866" endy="-86.614173228345" width="7.8740157480314" />
    <line layer="TOP_SILKSCREEN" originx="290.35433070866" originy="-204.72440944882" endx="290.35433070866" endy="-303.14960629921" width="7.8740157480314" />
    <line layer="TOP_SILKSCREEN" originx="290.35433070866" originy="-303.14960629921" endx="159.44881889764" endy="-303.14960629921" width="7.8740157480314" />
    <line layer="TOP_SILKSCREEN" originx="159.44881889764" originy="-303.14960629921" endx="120.07874015748" endy="-244.09448818897" width="7.8740157480314" />
    <line layer="TOP_SILKSCREEN" originx="120.07874015748" originy="-244.09448818897" endx="-290.35433070866" endy="-244.09448818897" width="7.8740157480314" />
    <line layer="TOP_SILKSCREEN" originx="-290.35433070866" originy="-244.09448818897" endx="-290.35433070866" endy="-204.72440944882" width="7.8740157480314" />
    <line layer="TOP_SILKSCREEN" originx="-290.35433070866" originy="-86.614173228345" endx="-290.35433070866" endy="173.22834645669" width="7.8740157480314" />
  </footprint>
  <symbol name="MSD-4-A" originx="0" originy="0">
    <line originx="200" originy="100" endx="1100" endy="100" width="0" />
    <line originx="1100" originy="-700" endx="1100" endy="100" width="0" />
    <line originx="1100" originy="-700" endx="200" endy="-700" width="0" />
    <line originx="200" originy="100" endx="200" endy="-700" width="0" />
    <sympin number="1" originx="200" originy="0" rotation="180" length="100" width="7.8740157480315" flipped="False">
      <text name="pinname" originx="230" originy="0" style="Default" rotation="0" justify="left" flipped="False" hidden="False" data="DAT2" />
      <text name="pindes" originx="140" originy="20" style="Default" rotation="0" justify="lowerright" flipped="False" hidden="False" data="1" />
    </sympin>
    <sympin number="2" originx="200" originy="-100" rotation="180" length="100" width="7.8740157480315" flipped="False">
      <text name="pinname" originx="230" originy="-100" style="Default" rotation="0" justify="left" flipped="False" hidden="False" data="CD/DAT3" />
      <text name="pindes" originx="140" originy="-80" style="Default" rotation="0" justify="lowerright" flipped="False" hidden="False" data="2" />
    </sympin>
    <sympin number="3" originx="200" originy="-200" rotation="180" length="100" width="7.8740157480315" flipped="False">
      <text name="pinname" originx="230" originy="-200" style="Default" rotation="0" justify="left" flipped="False" hidden="False" data="CMD" />
      <text name="pindes" originx="140" originy="-180" style="Default" rotation="0" justify="lowerright" flipped="False" hidden="False" data="3" />
    </sympin>
    <sympin number="4" originx="200" originy="-300" rotation="180" length="100" width="7.8740157480315" flipped="False">
      <text name="pinname" originx="230" originy="-300" style="Default" rotation="0" justify="left" flipped="False" hidden="False" data="VDD" />
      <text name="pindes" originx="140" originy="-280" style="Default" rotation="0" justify="lowerright" flipped="False" hidden="False" data="4" />
    </sympin>
    <sympin number="5" originx="200" originy="-400" rotation="180" length="100" width="7.8740157480315" flipped="False">
      <text name="pinname" originx="230" originy="-400" style="Default" rotation="0" justify="left" flipped="False" hidden="False" data="CLK" />
      <text name="pindes" originx="140" originy="-380" style="Default" rotation="0" justify="lowerright" flipped="False" hidden="False" data="5" />
    </sympin>
    <sympin number="6" originx="200" originy="-500" rotation="180" length="100" width="7.8740157480315" flipped="False">
      <text name="pinname" originx="230" originy="-500" style="Default" rotation="0" justify="left" flipped="False" hidden="False" data="VSS" />
      <text name="pindes" originx="140" originy="-480" style="Default" rotation="0" justify="lowerright" flipped="False" hidden="False" data="6" />
    </sympin>
    <sympin number="7" originx="200" originy="-600" rotation="180" length="100" width="7.8740157480315" flipped="False">
      <text name="pinname" originx="230" originy="-600" style="Default" rotation="0" justify="left" flipped="False" hidden="False" data="DAT0" />
      <text name="pindes" originx="140" originy="-580" style="Default" rotation="0" justify="lowerright" flipped="False" hidden="False" data="7" />
    </sympin>
    <sympin number="8" originx="1100" originy="0" rotation="0" length="100" width="7.8740157480315" flipped="False">
      <text name="pinname" originx="1070" originy="0" style="Default" rotation="0" justify="right" flipped="False" hidden="False" data="DAT1" />
      <text name="pindes" originx="1160" originy="20" style="Default" rotation="0" justify="lowerleft" flipped="False" hidden="False" data="8" />
    </sympin>
    <sympin number="9" originx="1100" originy="-100" rotation="0" length="100" width="7.8740157480315" flipped="False">
      <text name="pinname" originx="1070" originy="-100" style="Default" rotation="0" justify="right" flipped="False" hidden="False" data="GND_1" />
      <text name="pindes" originx="1160" originy="-80" style="Default" rotation="0" justify="lowerleft" flipped="False" hidden="False" data="G1" />
    </sympin>
    <sympin number="10" originx="1100" originy="-200" rotation="0" length="100" width="7.8740157480315" flipped="False">
      <text name="pinname" originx="1070" originy="-200" style="Default" rotation="0" justify="right" flipped="False" hidden="False" data="GND_2" />
      <text name="pindes" originx="1160" originy="-180" style="Default" rotation="0" justify="lowerleft" flipped="False" hidden="False" data="G2" />
    </sympin>
    <sympin number="11" originx="1100" originy="-300" rotation="0" length="100" width="7.8740157480315" flipped="False">
      <text name="pinname" originx="1070" originy="-300" style="Default" rotation="0" justify="right" flipped="False" hidden="False" data="GND_3" />
      <text name="pindes" originx="1160" originy="-280" style="Default" rotation="0" justify="lowerleft" flipped="False" hidden="False" data="G3" />
    </sympin>
    <sympin number="12" originx="1100" originy="-400" rotation="0" length="100" width="7.8740157480315" flipped="False">
      <text name="pinname" originx="1070" originy="-400" style="Default" rotation="0" justify="right" flipped="False" hidden="False" data="GND_4" />
      <text name="pindes" originx="1160" originy="-380" style="Default" rotation="0" justify="lowerleft" flipped="False" hidden="False" data="G4" />
    </sympin>
    <sympin number="13" originx="1100" originy="-500" rotation="0" length="100" width="7.8740157480315" flipped="False">
      <text name="pinname" originx="1070" originy="-500" style="Default" rotation="0" justify="right" flipped="False" hidden="False" data="CD1" />
      <text name="pindes" originx="1160" originy="-480" style="Default" rotation="0" justify="lowerleft" flipped="False" hidden="False" data="CD1" />
    </sympin>
  </symbol>
  <component name="MSD-4-A" designatorprefix="J" height="78.740157480314" footprint="MSD4A">
    <comppin designator="1" sympin="1" pinswap="0" gateswap="0" gate="1" group="1" side="" type="Any" name="DAT2" />
    <comppin designator="2" sympin="2" pinswap="0" gateswap="0" gate="1" group="1" side="" type="Any" name="CD/DAT3" />
    <comppin designator="3" sympin="3" pinswap="0" gateswap="0" gate="1" group="1" side="" type="Any" name="CMD" />
    <comppin designator="4" sympin="4" pinswap="0" gateswap="0" gate="1" group="1" side="" type="Any" name="VDD" />
    <comppin designator="5" sympin="5" pinswap="0" gateswap="0" gate="1" group="1" side="" type="Any" name="CLK" />
    <comppin designator="6" sympin="6" pinswap="0" gateswap="0" gate="1" group="1" side="" type="Any" name="VSS" />
    <comppin designator="7" sympin="7" pinswap="0" gateswap="0" gate="1" group="1" side="" type="Any" name="DAT0" />
    <comppin designator="8" sympin="8" pinswap="0" gateswap="0" gate="1" group="1" side="" type="Any" name="DAT1" />
    <comppin designator="G1" sympin="9" pinswap="0" gateswap="0" gate="1" group="1" side="" type="Any" name="GND_1" />
    <comppin designator="G2" sympin="10" pinswap="0" gateswap="0" gate="1" group="1" side="" type="Any" name="GND_2" />
    <comppin designator="G3" sympin="11" pinswap="0" gateswap="0" gate="1" group="1" side="" type="Any" name="GND_3" />
    <comppin designator="G4" sympin="12" pinswap="0" gateswap="0" gate="1" group="1" side="" type="Any" name="GND_4" />
    <comppin designator="CD1" sympin="13" pinswap="0" gateswap="0" gate="1" group="1" side="" type="Any" name="CD1" />
    <attached_symbol gate="1" name="MSD-4-A" />
    <pinmap designator="1" footprintpin="1" />
    <pinmap designator="2" footprintpin="2" />
    <pinmap designator="3" footprintpin="3" />
    <pinmap designator="4" footprintpin="4" />
    <pinmap designator="5" footprintpin="5" />
    <pinmap designator="6" footprintpin="6" />
    <pinmap designator="7" footprintpin="7" />
    <pinmap designator="8" footprintpin="8" />
    <pinmap designator="G1" footprintpin="9" />
    <pinmap designator="G2" footprintpin="10" />
    <pinmap designator="G3" footprintpin="11" />
    <pinmap designator="G4" footprintpin="12" />
    <pinmap designator="CD1" footprintpin="13" />
    <text name="Datasheet" originx="0" originy="0" style="Default" rotation="0" justify="" flipped="False" hidden="True" data="https://www.cuidevices.com/product/resource/pdf/msd-4-a.pdf" />
    <text name="Description" originx="0" originy="0" style="Default" rotation="0" justify="" flipped="False" hidden="True" data="Memory Card Connectors 9 Positions, Push In, Auto Eject Out, SMT, 1.8 mm Height Above Board," />
    <text name="Mouser Part Number" originx="0" originy="0" style="Default" rotation="0" justify="" flipped="False" hidden="True" data="179-MSD-4-A" />
    <text name="Mouser Price/Stock" originx="0" originy="0" style="Default" rotation="0" justify="" flipped="False" hidden="True" data="https://www.mouser.co.uk/ProductDetail/CUI-Devices/MSD-4-A?qs=Z%252BL2brAPG1Jll%252BQTi%252Btupg%3D%3D" />
    <text name="Manufacturer_Name" originx="0" originy="0" style="Default" rotation="0" justify="" flipped="False" hidden="True" data="CUI Devices" />
    <text name="Manufacturer_Part_Number" originx="1150" originy="200" style="Default" rotation="0" justify="left" flipped="False" hidden="False" data="MSD-4-A" />
  </component>
</quadcept_library>
